CustomerID,Age,Gender,Annual_Income,Spending_Score,Purchase_History,Visit_Frequency,Last_Purchase_Date
CUST000001,45,Male,41998,18,10,6,2025-12-22
CUST000002,38,Male,33655,6,6,1,2025-09-14
CUST000003,47,Female,57502,30,17,13,2025-10-04
CUST000004,58,Female,95819,57,30,13,2025-12-28
CUST000005,37,Male,20000,28,16,14,2025-11-04
CUST000006,37,Female,51922,26,16,10,2025-11-13
CUST000007,58,Male,45248,25,13,12,2026-01-01
CUST000008,49,Female,68574,28,15,15,2025-12-10
CUST000009,34,Female,54535,35,19,8,2026-01-06
CUST000010,46,Female,33658,13,11,7,2025-11-15
CUST000011,34,Female,41792,38,22,13,2026-01-03
CUST000012,34,Female,32924,1,5,11,2026-01-06
CUST000013,42,Male,83952,44,19,10,2025-12-24
CUST000014,18,Female,49545,38,21,11,2025-12-14
CUST000015,19,Male,126829,72,32,19,2025-11-12
CUST000016,33,Female,47556,73,31,15,2025-09-21
CUST000017,27,Female,34399,31,16,11,2025-12-22
CUST000018,43,Female,22997,6,4,1,2026-01-07
CUST000019,29,Male,20000,18,10,15,2025-11-28
CUST000020,23,Female,22201,1,4,2,2025-12-15
CUST000021,57,Female,56025,35,21,12,2025-12-22
CUST000022,37,Female,63219,27,15,10,2025-12-28
CUST000023,40,Male,22234,34,18,17,2025-12-19
CUST000024,22,Male,76689,37,21,9,2025-12-27
CUST000025,33,Male,38502,26,19,18,2025-11-27
CUST000026,41,Male,52754,25,17,14,2025-12-16
CUST000027,26,Female,109766,87,40,22,2025-11-07
CUST000028,44,Male,76758,41,22,10,2025-12-16
CUST000029,32,Female,42861,58,32,19,2025-12-31
CUST000030,36,Male,31394,37,16,9,2025-11-12
CUST000031,32,Male,20000,27,13,13,2025-12-15
CUST000032,62,Female,34215,32,21,10,2026-01-02
CUST000033,39,Female,44109,37,17,11,2025-12-10
CUST000034,27,Female,29923,1,8,6,2025-12-26
CUST000035,49,Female,45906,27,15,8,2025-11-14
CUST000036,25,Female,50941,46,22,16,2025-12-21
CUST000037,42,Male,43808,30,21,15,2025-12-01
CUST000038,18,Female,35418,6,4,10,2026-01-05
CUST000039,24,Female,53333,34,18,6,2025-12-24
CUST000040,42,Female,61142,64,35,22,2025-09-08
CUST000041,48,Male,28418,42,21,20,2025-11-20
CUST000042,42,Female,99256,55,26,14,2026-01-03
CUST000043,38,Male,46662,46,25,20,2025-12-30
CUST000044,36,Male,49484,28,14,9,2025-12-27
CUST000045,22,Male,69850,17,12,5,2025-12-08
CUST000046,31,Male,55083,22,11,8,2025-11-27
CUST000047,34,Female,78949,70,31,20,2025-11-28
CUST000048,52,Female,56588,32,16,8,2025-12-18
CUST000049,44,Female,36090,23,10,7,2025-11-20
CUST000050,18,Male,58732,33,15,12,2025-12-22
CUST000051,43,Male,27670,52,24,14,2026-01-05
CUST000052,35,Male,51755,59,28,17,2025-12-15
CUST000053,31,Female,48213,66,34,19,2025-10-09
CUST000054,47,Male,44176,28,18,13,2025-11-22
CUST000055,52,Female,45969,36,21,12,2025-12-14
CUST000056,51,Female,20000,1,2,6,2025-12-08
CUST000057,29,Male,37258,50,26,12,2025-10-20
CUST000058,36,Female,51350,16,14,14,2025-12-23
CUST000059,43,Female,53099,38,21,11,2025-12-27
CUST000060,51,Female,29324,7,6,10,2025-09-17
CUST000061,34,Female,92305,44,21,12,2025-11-10
CUST000062,37,Male,31790,12,8,8,2025-12-28
CUST000063,26,Male,79596,38,16,9,2025-12-21
CUST000064,25,Female,60693,30,18,9,2025-12-23
CUST000065,49,Female,35485,18,15,5,2026-01-04
CUST000066,56,Male,119092,78,38,17,2025-10-06
CUST000067,39,Female,26988,6,9,7,2025-12-24
CUST000068,52,Female,77619,49,25,15,2025-11-07
CUST000069,44,Female,80845,66,32,20,2026-01-02
CUST000070,32,Male,35055,19,11,8,2025-12-16
CUST000071,44,Female,98344,45,21,10,2026-01-08
CUST000072,58,Female,43259,27,16,7,2025-11-26
CUST000073,39,Male,56632,54,24,16,2025-12-13
CUST000074,58,Male,55835,39,25,19,2025-12-10
CUST000075,18,Female,45836,23,14,14,2026-01-07
CUST000076,49,Male,73526,51,26,17,2026-01-01
CUST000077,41,Female,72892,27,16,13,2026-01-06
CUST000078,36,Female,20449,30,16,16,2025-12-29
CUST000079,41,Male,94105,60,30,17,2025-12-10
CUST000080,18,Female,21348,16,11,11,2025-12-14
CUST000081,37,Male,82147,36,17,10,2025-12-11
CUST000082,44,Female,86107,37,16,7,2025-12-16
CUST000083,57,Male,28410,31,15,8,2025-12-30
CUST000084,33,Female,39918,47,20,12,2025-12-31
CUST000085,30,Male,28201,14,13,10,2026-01-04
CUST000086,33,Male,44026,37,21,19,2025-11-13
CUST000087,50,Female,42023,1,4,6,2025-12-11
CUST000088,43,Male,72390,35,17,15,2026-01-02
CUST000089,33,Female,94386,53,24,13,2026-01-03
CUST000090,46,Male,98502,42,22,12,2025-11-08
CUST000091,41,Female,37008,13,10,5,2025-11-29
CUST000092,51,Male,44151,21,9,6,2025-12-07
CUST000093,31,Female,21126,24,17,13,2025-12-24
CUST000094,36,Male,32763,23,18,12,2025-12-30
CUST000095,35,Male,79413,13,9,11,2025-09-14
CUST000096,22,Male,109951,29,18,12,2025-11-22
CUST000097,43,Male,26445,13,8,7,2025-12-29
CUST000098,43,Female,36452,34,20,19,2025-11-13
CUST000099,40,Male,48377,1,5,6,2025-11-27
CUST000100,37,Female,56391,29,17,15,2025-12-29
CUST000101,23,Male,32702,17,14,9,2025-12-23
CUST000102,34,Male,60598,59,25,17,2026-01-02
CUST000103,35,Female,38680,22,12,12,2026-01-05
CUST000104,30,Female,48667,38,24,15,2025-12-01
CUST000105,38,Male,64417,42,20,5,2025-12-30
CUST000106,44,Male,49178,1,4,6,2025-11-18
CUST000107,62,Male,39411,40,19,16,2025-07-30
CUST000108,42,Female,46406,35,18,13,2026-01-06
CUST000109,43,Female,46902,40,20,14,2025-12-20
CUST000110,39,Male,40741,88,41,16,2025-11-21
CUST000111,18,Female,43070,1,7,5,2025-11-23
CUST000112,39,Female,109024,86,37,21,2025-11-27
CUST000113,40,Female,64890,36,20,14,2025-12-27
CUST000114,69,Female,42288,34,21,17,2025-12-21
CUST000115,37,Male,69457,42,23,13,2025-12-12
CUST000116,43,Male,41485,23,12,11,2025-09-21
CUST000117,39,Male,88129,42,20,13,2025-12-28
CUST000118,25,Male,58972,42,22,10,2025-10-24
CUST000119,53,Female,46460,9,11,2,2025-12-30
CUST000120,49,Female,61319,50,23,15,2025-08-26
CUST000121,49,Male,22349,14,9,9,2025-12-06
CUST000122,29,Male,27906,6,5,5,2025-12-21
CUST000123,56,Male,26985,16,14,5,2025-12-11
CUST000124,23,Female,52652,53,22,15,2025-12-30
CUST000125,47,Male,116571,56,25,14,2025-12-30
CUST000126,66,Female,149589,85,41,23,2026-01-05
CUST000127,28,Male,67442,30,17,17,2026-01-05
CUST000128,33,Male,62970,51,29,10,2025-12-27
CUST000129,41,Female,20000,30,17,9,2025-11-26
CUST000130,33,Female,37371,55,26,14,2025-12-11
CUST000131,21,Male,33060,23,14,14,2026-01-05
CUST000132,40,Female,35938,37,21,8,2025-11-12
CUST000133,27,Female,45068,33,16,17,2025-12-12
CUST000134,45,Female,38713,48,25,15,2025-10-03
CUST000135,28,Male,20000,9,10,8,2025-12-06
CUST000136,58,Female,71250,54,25,14,2026-01-03
CUST000137,30,Female,28670,21,12,8,2025-12-20
CUST000138,36,Female,55249,35,18,15,2025-12-08
CUST000139,49,Male,138280,75,33,14,2026-01-08
CUST000140,25,Male,30955,28,15,12,2026-01-08
CUST000141,42,Male,20000,18,9,7,2026-01-04
CUST000142,55,Female,42488,33,20,10,2025-12-31
CUST000143,20,Male,85006,73,35,26,2025-12-23
CUST000144,42,Female,130505,85,41,22,2025-12-19
CUST000145,43,Female,26508,36,19,14,2026-01-04
CUST000146,49,Male,62840,32,16,14,2025-12-06
CUST000147,25,Female,38845,15,11,5,2025-12-12
CUST000148,24,Male,46491,46,22,19,2025-12-29
CUST000149,46,Female,150000,93,44,15,2026-01-08
CUST000150,43,Male,23121,43,22,11,2026-01-06
CUST000151,43,Female,55651,27,16,10,2025-12-25
CUST000152,44,Female,61935,35,19,14,2026-01-03
CUST000153,31,Female,84363,25,12,10,2025-12-25
CUST000154,42,Female,51482,28,15,10,2025-12-10
CUST000155,43,Female,57183,52,24,14,2025-12-16
CUST000156,31,Female,40302,22,14,7,2026-01-01
CUST000157,62,Female,56081,46,29,12,2025-12-27
CUST000158,45,Female,41291,26,16,13,2025-12-11
CUST000159,25,Male,66888,46,26,17,2025-11-10
CUST000160,47,Female,40749,12,9,13,2025-11-28
CUST000161,28,Female,59192,39,18,9,2025-12-15
CUST000162,49,Female,48308,1,5,9,2025-12-26
CUST000163,53,Male,86079,47,19,11,2025-12-26
CUST000164,30,Female,47777,8,11,12,2025-11-06
CUST000165,51,Male,20200,38,21,16,2026-01-07
CUST000166,44,Female,92130,64,29,17,2025-08-29
CUST000167,49,Male,31167,32,19,11,2025-12-07
CUST000168,62,Female,35352,49,20,15,2025-12-05
CUST000169,37,Female,36394,13,12,11,2026-01-07
CUST000170,30,Male,97462,81,35,16,2025-12-12
CUST000171,29,Female,20000,33,22,9,2025-12-20
CUST000172,30,Male,150000,76,34,17,2026-01-05
CUST000173,39,Female,83118,66,28,20,2025-12-30
CUST000174,44,Female,54809,19,11,12,2025-11-03
CUST000175,43,Female,47693,20,14,7,2025-12-16
CUST000176,49,Female,56544,27,12,6,2025-12-23
CUST000177,40,Female,63612,32,13,14,2026-01-06
CUST000178,57,Male,67684,26,17,8,2025-12-02
CUST000179,36,Male,64718,58,30,18,2025-12-03
CUST000180,70,Female,51266,30,18,10,2025-12-11
CUST000181,47,Female,44414,36,22,18,2025-12-18
CUST000182,29,Female,45449,23,16,9,2025-12-22
CUST000183,27,Female,44468,3,6,10,2025-12-13
CUST000184,45,Male,86412,54,27,16,2026-01-01
CUST000185,37,Female,65958,12,10,9,2025-10-15
CUST000186,48,Male,20000,18,14,4,2025-12-13
CUST000187,45,Female,68046,21,14,3,2025-12-28
CUST000188,39,Male,54033,65,29,15,2025-12-22
CUST000189,29,Male,48564,46,21,14,2025-11-20
CUST000190,21,Male,40365,30,13,6,2026-01-03
CUST000191,34,Male,85996,69,32,14,2025-12-29
CUST000192,50,Female,78728,34,16,13,2025-12-05
CUST000193,42,Male,33308,34,22,15,2025-12-28
CUST000194,25,Male,60085,41,24,14,2025-11-22
CUST000195,42,Male,30156,28,15,13,2026-01-04
CUST000196,44,Male,24592,41,18,8,2025-11-26
CUST000197,29,Male,35833,38,18,11,2026-01-06
CUST000198,41,Male,75447,49,21,18,2026-01-08
CUST000199,40,Female,78949,22,12,10,2025-11-01
CUST000200,26,Female,63357,25,14,10,2025-12-13
CUST000201,44,Female,70442,41,21,20,2025-12-26
CUST000202,46,Male,63455,41,24,10,2026-01-01
CUST000203,52,Male,35570,10,10,11,2025-12-11
CUST000204,52,Female,60837,75,33,23,2025-12-18
CUST000205,23,Female,73145,67,31,16,2025-08-18
CUST000206,28,Male,71478,52,26,17,2025-09-08
CUST000207,46,Male,88827,52,23,11,2025-12-09
CUST000208,46,Male,69853,39,23,12,2025-12-22
CUST000209,46,Male,58438,23,17,12,2025-12-19
CUST000210,70,Male,83706,50,25,17,2025-12-05
CUST000211,46,Female,48375,36,18,15,2026-01-05
CUST000212,53,Female,31541,6,4,11,2025-12-28
CUST000213,51,Female,45182,36,20,12,2026-01-06
CUST000214,47,Female,33777,24,14,14,2026-01-06
CUST000215,36,Female,34975,1,6,6,2026-01-02
CUST000216,49,Female,45603,18,14,13,2025-12-20
CUST000217,30,Female,32984,19,10,9,2025-11-23
CUST000218,37,Male,42024,58,32,19,2025-12-20
CUST000219,34,Male,20000,28,13,11,2025-12-27
CUST000220,40,Male,54537,15,6,2,2026-01-06
CUST000221,67,Female,49050,40,22,10,2025-12-16
CUST000222,18,Female,32580,2,4,6,2025-12-30
CUST000223,48,Male,68160,58,29,11,2025-12-11
CUST000224,20,Female,78337,39,19,15,2025-09-17
CUST000225,34,Male,21943,19,12,12,2026-01-05
CUST000226,53,Female,33477,46,20,13,2026-01-01
CUST000227,40,Male,33370,6,7,4,2025-12-20
CUST000228,27,Male,30639,3,5,11,2025-09-27
CUST000229,31,Female,74216,36,17,17,2025-11-25
CUST000230,48,Male,44492,46,23,14,2025-11-01
CUST000231,31,Male,42947,7,5,8,2025-12-27
CUST000232,42,Male,20000,1,3,6,2025-08-17
CUST000233,40,Female,67353,35,18,13,2026-01-05
CUST000234,32,Female,26380,31,20,12,2026-01-07
CUST000235,65,Male,50512,52,25,14,2025-11-11
CUST000236,47,Female,56313,29,15,13,2025-10-22
CUST000237,18,Female,96792,49,23,21,2026-01-06
CUST000238,42,Male,25478,39,19,8,2026-01-05
CUST000239,32,Male,20000,1,4,6,2026-01-07
CUST000240,50,Male,53740,29,18,8,2026-01-05
CUST000241,30,Male,120602,69,35,23,2026-01-01
CUST000242,38,Female,91078,59,30,15,2025-09-25
CUST000243,46,Male,54438,28,14,6,2025-12-06
CUST000244,50,Female,38337,28,17,13,2025-11-24
CUST000245,25,Female,73391,7,8,13,2025-11-25
CUST000246,35,Male,30128,14,9,10,2025-12-17
CUST000247,34,Female,62204,46,24,15,2025-11-22
CUST000248,32,Male,63116,25,19,13,2025-12-12
CUST000249,61,Female,83291,50,26,19,2025-12-28
CUST000250,44,Female,150000,86,38,17,2025-12-15
CUST000251,24,Female,59647,33,19,12,2025-12-17
CUST000252,51,Female,38006,30,19,11,2025-11-17
CUST000253,65,Male,48397,18,11,5,2025-09-10
CUST000254,52,Female,20240,17,9,7,2025-12-24
CUST000255,21,Female,34635,35,18,15,2025-11-26
CUST000256,34,Female,39948,31,17,13,2026-01-05
CUST000257,55,Female,37720,19,10,10,2025-11-25
CUST000258,31,Female,52900,38,20,13,2025-12-26
CUST000259,45,Male,32493,36,17,13,2026-01-07
CUST000260,49,Male,85863,19,12,7,2025-12-26
CUST000261,28,Female,49025,50,25,14,2025-12-11
CUST000262,39,Male,48793,28,16,11,2026-01-05
CUST000263,18,Female,41608,36,20,13,2025-10-23
CUST000264,27,Female,52976,53,27,16,2026-01-06
CUST000265,36,Male,74053,24,15,10,2025-10-21
CUST000266,25,Male,31774,14,10,7,2025-12-03
CUST000267,59,Female,35275,22,15,20,2025-12-27
CUST000268,22,Male,42114,18,10,11,2025-12-25
CUST000269,34,Female,25010,48,24,15,2025-11-29
CUST000270,41,Male,32544,12,11,8,2025-12-12
CUST000271,57,Female,38634,20,10,7,2025-12-06
CUST000272,22,Male,75901,48,27,15,2025-12-25
CUST000273,53,Female,55897,18,11,10,2025-12-19
CUST000274,40,Male,54003,29,13,4,2025-08-24
CUST000275,28,Female,75015,50,25,10,2026-01-01
CUST000276,45,Male,45766,26,15,9,2025-12-23
CUST000277,42,Female,59589,36,18,12,2025-12-29
CUST000278,32,Female,46554,24,15,10,2025-11-26
CUST000279,40,Male,55976,13,13,14,2025-11-26
CUST000280,35,Male,36629,32,16,6,2025-12-29
CUST000281,41,Male,20000,46,21,11,2026-01-06
CUST000282,47,Female,45837,32,18,16,2026-01-08
CUST000283,59,Female,99844,60,28,16,2025-12-23
CUST000284,25,Female,77894,57,24,17,2025-12-24
CUST000285,65,Male,79435,28,14,16,2025-08-28
CUST000286,18,Male,90950,78,32,15,2025-12-20
CUST000287,38,Female,51242,37,23,13,2025-12-31
CUST000288,47,Female,54103,60,29,15,2025-11-03
CUST000289,43,Female,35996,16,9,2,2025-12-19
CUST000290,32,Male,41854,57,26,14,2025-12-12
CUST000291,37,Female,66695,53,24,17,2026-01-05
CUST000292,34,Male,89495,60,28,17,2025-12-25
CUST000293,32,Male,45719,35,20,14,2025-10-14
CUST000294,50,Female,39140,25,14,9,2025-12-13
CUST000295,44,Female,49033,51,22,11,2025-12-27
CUST000296,31,Female,66211,43,23,18,2025-12-10
CUST000297,50,Male,23815,1,3,4,2025-10-28
CUST000298,43,Male,20000,3,7,8,2025-12-30
CUST000299,49,Female,37224,25,12,10,2025-12-18
CUST000300,47,Female,26626,27,18,16,2025-10-05
CUST000301,30,Male,38022,27,13,13,2026-01-03
CUST000302,33,Male,45529,50,26,11,2025-12-01
CUST000303,48,Male,39080,1,4,3,2025-12-11
CUST000304,47,Female,101339,59,28,17,2025-12-05
CUST000305,39,Male,57720,10,10,8,2025-12-27
CUST000306,41,Male,56967,48,20,11,2025-12-28
CUST000307,55,Male,66909,40,21,16,2025-12-05
CUST000308,32,Male,27738,29,18,12,2026-01-01
CUST000309,46,Male,82417,35,20,13,2025-12-23
CUST000310,37,Female,47198,51,26,17,2026-01-02
CUST000311,37,Male,68544,58,30,15,2026-01-08
CUST000312,53,Female,28683,32,16,16,2025-09-25
CUST000313,49,Male,22541,19,10,6,2025-12-23
CUST000314,49,Female,73787,53,29,18,2025-09-26
CUST000315,55,Female,59172,27,14,14,2026-01-04
CUST000316,40,Female,31224,38,20,8,2025-12-13
CUST000317,48,Female,31734,50,25,13,2026-01-02
CUST000318,36,Male,86052,66,29,20,2025-11-23
CUST000319,43,Male,27045,12,13,13,2025-11-24
CUST000320,38,Female,111450,67,34,18,2026-01-05
CUST000321,41,Female,31247,5,8,5,2025-10-28
CUST000322,47,Female,67453,50,23,17,2026-01-02
CUST000323,30,Female,41593,36,19,16,2025-12-11
CUST000324,65,Female,66276,13,10,5,2025-09-03
CUST000325,27,Male,37344,10,9,4,2025-11-05
CUST000326,25,Male,45188,27,13,10,2025-10-06
CUST000327,53,Female,50034,29,18,14,2025-12-27
CUST000328,49,Female,29700,6,5,6,2026-01-05
CUST000329,47,Male,70998,49,19,14,2026-01-02
CUST000330,47,Female,37926,32,18,10,2025-12-19
CUST000331,39,Male,43726,28,17,5,2025-11-22
CUST000332,29,Female,29816,13,9,7,2026-01-04
CUST000333,40,Male,20000,35,19,12,2025-12-07
CUST000334,31,Male,44555,56,31,16,2025-12-28
CUST000335,51,Female,150000,72,33,14,2025-12-27
CUST000336,38,Male,72569,35,18,6,2025-12-07
CUST000337,30,Female,48550,40,19,11,2025-12-21
CUST000338,36,Female,42982,25,16,14,2025-11-19
CUST000339,44,Female,49574,31,14,14,2026-01-03
CUST000340,33,Male,64444,51,26,18,2025-11-23
CUST000341,30,Male,27162,1,6,4,2026-01-07
CUST000342,42,Male,85576,70,34,15,2026-01-02
CUST000343,42,Female,70100,44,22,15,2025-12-07
CUST000344,33,Female,70199,36,17,13,2025-11-12
CUST000345,34,Female,61037,37,18,13,2025-12-31
CUST000346,42,Female,49503,33,17,5,2025-12-28
CUST000347,22,Female,68626,16,11,6,2025-12-16
CUST000348,23,Female,65900,63,29,16,2026-01-01
CUST000349,31,Male,41067,30,16,12,2025-11-19
CUST000350,37,Female,36798,34,18,14,2025-11-25
CUST000351,43,Male,51582,48,24,15,2026-01-04
CUST000352,57,Female,106352,44,22,14,2025-12-21
CUST000353,50,Female,26382,30,19,12,2025-11-25
CUST000354,38,Female,23534,17,9,10,2025-12-27
CUST000355,39,Male,53230,48,21,14,2025-12-09
CUST000356,27,Male,50284,2,4,6,2026-01-07
CUST000357,39,Male,53459,33,17,10,2025-12-11
CUST000358,36,Male,55380,27,16,11,2026-01-04
CUST000359,43,Male,43844,37,17,13,2025-11-16
CUST000360,30,Female,103252,65,31,18,2025-12-26
CUST000361,46,Female,22016,10,9,9,2025-12-30
CUST000362,58,Male,32394,15,11,13,2025-11-14
CUST000363,38,Male,46554,30,17,12,2026-01-07
CUST000364,44,Male,21555,7,5,5,2025-12-24
CUST000365,48,Female,44894,44,27,18,2025-12-26
CUST000366,35,Female,112502,57,27,11,2025-12-29
CUST000367,42,Female,49535,1,4,3,2025-10-28
CUST000368,40,Female,55014,30,16,12,2025-11-28
CUST000369,41,Female,26105,7,9,10,2026-01-07
CUST000370,30,Female,36019,2,3,2,2025-12-02
CUST000371,40,Male,40635,10,10,7,2025-12-17
CUST000372,45,Female,41820,31,14,8,2025-10-31
CUST000373,57,Male,93043,73,33,16,2025-12-28
CUST000374,51,Female,64786,45,22,16,2025-12-14
CUST000375,65,Male,28120,14,9,10,2025-12-19
CUST000376,30,Female,55450,43,25,14,2025-12-19
CUST000377,50,Female,62888,32,17,10,2025-12-21
CUST000378,42,Female,86688,40,24,10,2026-01-02
CUST000379,66,Female,108041,43,22,18,2025-11-27
CUST000380,30,Male,29509,1,7,9,2025-12-21
CUST000381,29,Male,32681,20,16,9,2025-10-05
CUST000382,32,Male,26139,25,13,12,2025-12-30
CUST000383,18,Male,43607,29,15,10,2025-12-05
CUST000384,33,Female,61894,33,19,11,2025-10-16
CUST000385,30,Male,80311,33,17,13,2025-12-07
CUST000386,41,Female,47194,41,20,10,2025-11-08
CUST000387,44,Female,41775,10,10,7,2025-11-17
CUST000388,62,Female,52885,46,20,13,2025-12-26
CUST000389,51,Male,32287,10,8,6,2025-12-12
CUST000390,33,Female,139353,63,27,17,2026-01-03
CUST000391,29,Female,21942,1,8,13,2025-12-16
CUST000392,45,Female,53764,28,18,9,2026-01-01
CUST000393,24,Female,134834,87,36,14,2025-11-29
CUST000394,61,Female,49187,41,21,7,2025-12-17
CUST000395,54,Male,44577,46,24,14,2025-12-24
CUST000396,34,Female,40997,37,21,11,2025-12-30
CUST000397,19,Male,44792,14,12,10,2025-07-12
CUST000398,56,Male,97384,50,27,16,2026-01-06
CUST000399,38,Male,20000,8,9,3,2026-01-07
CUST000400,54,Male,105526,79,36,13,2026-01-01
CUST000401,20,Male,24053,3,6,8,2025-09-24
CUST000402,32,Male,42902,43,25,15,2025-09-14
CUST000403,40,Female,39552,42,23,12,2025-12-08
CUST000404,40,Female,65793,68,31,12,2025-11-06
CUST000405,34,Female,22047,14,10,10,2026-01-01
CUST000406,47,Male,61764,49,27,19,2025-09-23
CUST000407,27,Male,134881,100,45,23,2026-01-04
CUST000408,38,Female,24795,12,6,4,2026-01-05
CUST000409,41,Male,53898,12,7,7,2026-01-05
CUST000410,46,Male,35207,1,7,3,2025-12-14
CUST000411,48,Female,60654,49,22,16,2025-11-24
CUST000412,26,Male,49492,5,10,9,2025-12-26
CUST000413,21,Female,35569,21,9,3,2025-09-16
CUST000414,55,Female,62563,46,23,13,2025-12-22
CUST000415,43,Male,120834,69,30,18,2026-01-04
CUST000416,31,Male,44558,37,19,11,2025-12-21
CUST000417,58,Female,70254,46,23,13,2025-12-05
CUST000418,41,Male,25677,41,18,8,2025-11-16
CUST000419,54,Male,30387,10,11,11,2025-12-21
CUST000420,40,Female,62081,29,13,8,2025-12-12
CUST000421,64,Male,102956,46,22,7,2025-12-30
CUST000422,61,Female,58559,50,25,13,2025-12-08
CUST000423,37,Female,41918,43,21,16,2025-09-02
CUST000424,51,Male,49003,40,20,11,2026-01-07
CUST000425,47,Male,26233,40,21,18,2025-11-04
CUST000426,56,Male,66320,23,13,11,2025-12-15
CUST000427,28,Male,76203,70,32,18,2025-12-31
CUST000428,48,Male,39103,51,25,14,2025-10-08
CUST000429,52,Female,38753,39,22,13,2025-12-20
CUST000430,18,Male,55990,63,31,16,2025-12-27
CUST000431,25,Female,39404,4,7,6,2026-01-02
CUST000432,18,Female,47426,24,17,13,2025-12-31
CUST000433,36,Female,140064,64,30,14,2025-11-16
CUST000434,48,Female,43325,41,18,8,2025-12-11
CUST000435,58,Male,40979,13,9,5,2025-10-27
CUST000436,40,Female,35462,38,21,19,2026-01-01
CUST000437,59,Female,71118,64,28,17,2026-01-05
CUST000438,23,Male,44774,41,19,13,2026-01-08
CUST000439,19,Male,35429,31,17,8,2025-12-18
CUST000440,39,Female,94906,39,20,14,2025-07-12
CUST000441,44,Male,99688,44,23,13,2025-12-04
CUST000442,39,Male,36307,46,20,13,2025-12-28
CUST000443,18,Male,20000,31,18,9,2025-11-07
CUST000444,38,Male,81125,47,22,14,2025-11-24
CUST000445,24,Female,34810,20,11,8,2026-01-08
CUST000446,48,Female,72788,13,9,6,2025-11-19
CUST000447,44,Female,20000,3,3,8,2025-12-29
CUST000448,28,Male,76595,74,35,14,2026-01-04
CUST000449,33,Male,26753,3,9,10,2026-01-01
CUST000450,27,Female,70642,46,23,16,2025-12-21
CUST000451,39,Male,49371,48,25,12,2025-12-23
CUST000452,51,Male,30425,5,7,5,2025-12-29
CUST000453,28,Female,39993,31,17,11,2026-01-03
CUST000454,46,Male,69089,56,28,17,2025-11-26
CUST000455,33,Female,51686,34,17,11,2025-08-23
CUST000456,30,Male,65657,84,37,21,2025-11-24
CUST000457,38,Male,131691,46,23,19,2025-12-29
CUST000458,27,Male,22423,36,19,11,2025-12-31
CUST000459,33,Female,110040,58,27,10,2026-01-01
CUST000460,25,Female,51646,46,22,16,2026-01-04
CUST000461,63,Female,31276,31,19,17,2025-12-15
CUST000462,40,Female,25206,11,9,9,2025-12-12
CUST000463,31,Male,44597,34,17,8,2025-12-03
CUST000464,42,Female,77716,18,10,8,2025-12-05
CUST000465,38,Male,45992,41,25,11,2025-12-29
CUST000466,37,Female,104357,63,31,19,2025-12-27
CUST000467,47,Male,23728,31,18,8,2025-12-05
CUST000468,49,Female,48725,49,23,13,2025-12-27
CUST000469,33,Male,26207,28,18,9,2026-01-01
CUST000470,33,Male,58795,40,22,14,2025-12-25
CUST000471,36,Female,76377,32,18,11,2025-12-30
CUST000472,18,Male,39720,18,9,9,2026-01-06
CUST000473,21,Male,20000,37,20,13,2025-11-16
CUST000474,56,Male,54147,57,26,12,2025-11-12
CUST000475,59,Male,60984,35,21,15,2026-01-01
CUST000476,37,Female,60002,39,23,14,2026-01-06
CUST000477,46,Female,90934,39,21,10,2025-11-29
CUST000478,43,Female,28694,41,19,19,2026-01-01
CUST000479,70,Female,68879,52,24,16,2025-12-25
CUST000480,53,Male,88987,80,37,19,2026-01-07
CUST000481,38,Female,20144,6,5,11,2026-01-01
CUST000482,28,Male,57516,31,17,17,2025-11-22
CUST000483,20,Male,38097,31,20,12,2025-11-21
CUST000484,42,Female,47062,42,24,15,2026-01-02
CUST000485,30,Male,58328,34,18,9,2025-12-27
CUST000486,22,Female,38422,15,11,8,2026-01-04
CUST000487,32,Male,34966,40,24,14,2026-01-06
CUST000488,27,Female,49865,44,22,14,2025-08-16
CUST000489,60,Female,28463,10,8,9,2025-12-08
CUST000490,50,Female,28483,44,20,14,2025-12-16
CUST000491,39,Female,68850,60,31,18,2025-11-26
CUST000492,57,Female,27600,25,14,6,2025-11-15
CUST000493,40,Male,68401,43,21,10,2025-11-20
CUST000494,29,Female,61777,47,23,12,2026-01-08
CUST000495,58,Male,20683,7,5,6,2026-01-02
CUST000496,46,Female,34934,27,15,14,2025-12-08
CUST000497,27,Female,89059,19,11,5,2025-12-25
CUST000498,37,Female,30013,37,20,11,2025-09-09
CUST000499,29,Male,38862,5,7,10,2025-12-07
CUST000500,23,Male,61761,61,29,15,2025-10-06
CUST000501,51,Female,72525,39,17,13,2026-01-02
CUST000502,62,Male,43227,27,15,10,2025-11-10
CUST000503,23,Male,36360,18,10,9,2025-12-28
CUST000504,46,Male,99826,52,23,13,2025-08-25
CUST000505,32,Female,116943,86,39,22,2026-01-03
CUST000506,34,Female,79971,10,8,3,2025-12-18
CUST000507,32,Male,51157,53,24,13,2025-11-22
CUST000508,29,Male,32724,30,16,12,2025-12-22
CUST000509,40,Male,32363,7,4,8,2025-12-21
CUST000510,30,Female,63656,24,15,15,2025-09-02
CUST000511,43,Female,60427,63,32,16,2025-12-23
CUST000512,39,Male,98794,42,19,17,2025-12-12
CUST000513,37,Male,67861,24,14,8,2026-01-07
CUST000514,29,Male,23120,38,19,16,2025-11-14
CUST000515,33,Female,82948,54,27,18,2025-12-08
CUST000516,49,Female,29761,10,10,6,2025-12-24
CUST000517,46,Male,40457,32,14,11,2026-01-08
CUST000518,28,Male,55553,21,10,8,2025-12-13
CUST000519,41,Male,132964,88,40,22,2026-01-08
CUST000520,49,Female,150000,95,40,20,2026-01-08
CUST000521,19,Male,66393,49,26,14,2025-12-11
CUST000522,46,Female,44730,36,18,16,2026-01-02
CUST000523,32,Female,64039,66,31,17,2026-01-02
CUST000524,46,Male,76406,46,25,17,2025-12-08
CUST000525,30,Male,41758,12,9,7,2026-01-07
CUST000526,18,Male,120283,73,36,24,2025-12-28
CUST000527,20,Female,54997,67,27,13,2026-01-04
CUST000528,40,Female,62872,24,12,7,2025-12-13
CUST000529,43,Female,68388,36,18,16,2025-12-07
CUST000530,29,Female,60523,44,26,14,2025-12-01
CUST000531,47,Male,74568,44,21,18,2025-12-31
CUST000532,20,Female,36003,12,9,11,2026-01-06
CUST000533,39,Female,37080,44,23,13,2026-01-06
CUST000534,25,Male,28280,58,29,11,2025-12-23
CUST000535,32,Female,61068,41,19,12,2025-10-13
CUST000536,40,Female,72364,30,15,11,2026-01-01
CUST000537,29,Female,61628,15,11,12,2025-12-31
CUST000538,35,Female,113237,66,33,22,2026-01-05
CUST000539,52,Female,48883,49,25,12,2025-12-12
CUST000540,33,Female,68485,49,25,17,2025-12-05
CUST000541,50,Male,28400,23,13,12,2025-12-09
CUST000542,26,Male,40394,20,15,14,2025-11-10
CUST000543,46,Female,69408,26,14,12,2025-12-20
CUST000544,57,Male,74948,57,30,11,2026-01-04
CUST000545,18,Male,42320,44,22,13,2025-12-29
CUST000546,30,Male,47296,9,8,4,2025-12-07
CUST000547,46,Male,22949,45,22,13,2025-12-11
CUST000548,37,Female,41006,38,20,15,2025-12-17
CUST000549,44,Female,76511,67,28,17,2025-12-05
CUST000550,32,Male,65355,20,11,12,2025-12-09
CUST000551,41,Male,62964,19,14,11,2025-11-06
CUST000552,38,Male,50256,31,17,7,2025-12-13
CUST000553,54,Female,49194,41,22,6,2025-11-24
CUST000554,43,Female,35236,53,28,16,2025-12-31
CUST000555,44,Male,69523,53,23,13,2025-12-05
CUST000556,35,Female,60505,35,21,10,2025-10-31
CUST000557,34,Female,62693,24,14,5,2025-12-25
CUST000558,34,Female,37683,46,23,11,2025-11-24
CUST000559,44,Female,20000,5,9,8,2025-12-01
CUST000560,34,Male,84844,74,35,20,2026-01-07
CUST000561,43,Female,38583,24,14,11,2025-12-13
CUST000562,64,Male,31844,49,19,17,2026-01-04
CUST000563,50,Female,69337,52,27,12,2025-09-28
CUST000564,36,Female,40295,27,15,13,2025-11-19
CUST000565,54,Female,83280,41,21,13,2026-01-05
CUST000566,35,Female,66736,36,20,15,2026-01-05
CUST000567,18,Male,68994,49,27,14,2025-12-12
CUST000568,27,Female,24760,23,13,13,2025-12-27
CUST000569,18,Female,89856,43,23,15,2026-01-07
CUST000570,35,Female,55861,34,17,9,2025-12-16
CUST000571,40,Male,40756,30,13,10,2025-12-25
CUST000572,60,Male,52664,3,4,5,2026-01-05
CUST000573,43,Male,20168,26,14,12,2025-11-21
CUST000574,37,Female,60133,23,14,7,2025-10-27
CUST000575,49,Female,29299,6,6,7,2025-11-27
CUST000576,18,Male,24925,1,5,8,2025-11-18
CUST000577,42,Female,22898,1,2,5,2026-01-01
CUST000578,49,Female,85506,29,13,14,2025-12-30
CUST000579,22,Female,35788,16,11,11,2026-01-01
CUST000580,53,Female,105541,88,40,20,2025-11-26
CUST000581,44,Female,37500,20,13,10,2025-10-12
CUST000582,35,Female,20875,23,15,11,2025-12-02
CUST000583,47,Male,28049,29,15,12,2025-11-06
CUST000584,67,Female,90935,54,30,11,2025-12-09
CUST000585,42,Female,45344,30,19,11,2025-12-25
CUST000586,42,Female,37266,10,6,2,2025-12-23
CUST000587,34,Female,53104,57,25,18,2026-01-06
CUST000588,29,Female,63000,66,30,16,2026-01-08
CUST000589,49,Male,85707,25,16,10,2025-12-04
CUST000590,29,Male,101138,42,23,16,2025-12-22
CUST000591,40,Male,40950,25,14,11,2025-12-15
CUST000592,34,Male,25259,7,7,4,2025-12-15
CUST000593,45,Female,39865,36,19,12,2025-12-30
CUST000594,44,Female,55834,25,13,9,2025-12-20
CUST000595,52,Male,30276,57,25,9,2025-12-20
CUST000596,33,Male,30376,42,23,12,2025-12-25
CUST000597,36,Female,58214,40,19,12,2025-11-18
CUST000598,28,Male,47842,48,27,15,2025-12-22
CUST000599,34,Female,49831,50,28,11,2025-12-12
CUST000600,44,Female,33548,17,11,12,2025-11-02
CUST000601,49,Female,43686,18,12,9,2025-11-09
CUST000602,28,Male,30880,26,13,10,2025-11-03
CUST000603,50,Male,76504,59,26,16,2025-12-30
CUST000604,56,Female,82258,50,26,13,2026-01-07
CUST000605,44,Female,20000,1,5,8,2025-12-30
CUST000606,62,Male,30799,12,8,7,2025-12-30
CUST000607,30,Female,23196,20,14,7,2025-10-28
CUST000608,25,Male,35418,25,13,11,2025-12-08
CUST000609,18,Female,47017,62,36,23,2026-01-06
CUST000610,57,Male,23746,1,1,7,2026-01-04
CUST000611,47,Female,30917,32,18,14,2026-01-03
CUST000612,39,Male,29673,46,19,11,2025-12-10
CUST000613,43,Male,54373,69,33,13,2025-11-30
CUST000614,26,Male,50750,28,12,14,2025-11-11
CUST000615,69,Male,34170,33,17,17,2025-10-16
CUST000616,41,Female,53552,44,20,17,2026-01-02
CUST000617,41,Female,37296,30,15,9,2025-12-28
CUST000618,48,Male,42794,29,16,7,2025-12-31
CUST000619,45,Male,113179,69,32,14,2025-12-26
CUST000620,42,Female,95820,17,11,4,2025-10-27
CUST000621,30,Female,25596,32,21,13,2025-12-14
CUST000622,45,Female,74225,46,21,18,2025-11-29
CUST000623,62,Male,73548,41,19,12,2025-12-19
CUST000624,56,Male,27608,54,27,16,2026-01-08
CUST000625,59,Female,73820,34,19,16,2026-01-07
CUST000626,33,Male,105764,53,24,13,2025-12-16
CUST000627,28,Female,27965,53,28,22,2025-12-01
CUST000628,38,Male,30984,12,8,14,2026-01-01
CUST000629,40,Female,81538,40,17,11,2025-12-01
CUST000630,53,Male,56148,34,20,11,2025-11-20
CUST000631,19,Female,64585,53,28,18,2025-12-24
CUST000632,58,Female,58121,40,18,11,2025-11-28
CUST000633,38,Female,59596,18,12,6,2025-12-24
CUST000634,34,Male,25254,14,11,13,2025-12-05
CUST000635,27,Female,82756,39,24,18,2025-11-26
CUST000636,20,Female,87973,50,23,14,2025-08-17
CUST000637,49,Female,43708,37,18,8,2025-12-27
CUST000638,40,Female,47966,39,25,11,2025-12-24
CUST000639,24,Female,22798,1,4,6,2026-01-03
CUST000640,24,Female,63394,55,26,13,2026-01-02
CUST000641,35,Male,65253,44,21,12,2025-12-04
CUST000642,60,Female,47519,53,28,19,2025-10-26
CUST000643,36,Female,86006,57,30,19,2025-12-24
CUST000644,21,Male,41479,46,24,18,2026-01-03
CUST000645,37,Male,65010,47,24,11,2025-12-29
CUST000646,36,Male,29441,44,20,11,2025-12-21
CUST000647,18,Female,48446,40,21,15,2025-12-29
CUST000648,39,Female,44928,30,18,13,2026-01-01
CUST000649,37,Female,54866,70,30,21,2025-11-30
CUST000650,48,Female,40751,42,24,15,2026-01-08
CUST000651,62,Male,45901,40,21,18,2025-12-16
CUST000652,53,Male,74089,25,14,12,2025-11-22
CUST000653,36,Male,39403,9,7,10,2025-12-30
CUST000654,26,Male,21954,25,12,8,2025-12-12
CUST000655,70,Male,117570,67,31,17,2025-12-06
CUST000656,40,Male,97804,46,23,16,2025-12-08
CUST000657,40,Female,25690,24,13,15,2025-12-22
CUST000658,39,Female,69206,66,28,18,2025-12-27
CUST000659,42,Female,38120,38,19,12,2025-11-15
CUST000660,38,Female,55923,19,11,13,2025-11-27
CUST000661,33,Female,56789,35,15,4,2025-12-28
CUST000662,33,Male,43599,18,15,6,2026-01-05
CUST000663,39,Female,33127,20,12,11,2026-01-06
CUST000664,33,Female,34708,20,18,12,2026-01-06
CUST000665,31,Male,31005,17,12,11,2025-12-13
CUST000666,41,Male,32340,6,5,7,2026-01-07
CUST000667,36,Female,47401,30,18,13,2025-12-27
CUST000668,58,Male,34273,18,11,6,2025-11-28
CUST000669,18,Female,68942,1,3,7,2025-12-29
CUST000670,53,Female,103117,89,37,22,2025-11-26
CUST000671,54,Male,36679,44,20,16,2025-11-28
CUST000672,18,Male,55254,30,17,17,2025-12-31
CUST000673,35,Male,62934,40,19,13,2025-11-30
CUST000674,35,Male,62068,21,12,10,2025-11-28
CUST000675,23,Male,50918,59,26,10,2025-12-24
CUST000676,30,Female,71064,72,34,17,2026-01-01
CUST000677,26,Male,62387,41,21,12,2025-12-17
CUST000678,61,Female,26401,38,20,16,2025-10-24
CUST000679,51,Male,75703,48,23,12,2025-12-09
CUST000680,55,Female,76392,25,14,12,2026-01-03
CUST000681,48,Male,33468,20,14,10,2025-12-05
CUST000682,26,Male,49959,35,18,11,2025-12-23
CUST000683,33,Female,68986,35,20,13,2025-12-13
CUST000684,45,Female,44149,27,14,9,2025-11-30
CUST000685,25,Male,83825,48,24,13,2025-12-18
CUST000686,48,Female,150000,78,36,14,2025-11-19
CUST000687,37,Male,33090,26,14,9,2025-12-01
CUST000688,35,Female,24574,6,7,6,2025-12-11
CUST000689,48,Male,57062,26,13,8,2026-01-04
CUST000690,45,Male,70317,23,13,11,2025-11-15
CUST000691,35,Female,43676,45,24,16,2025-10-18
CUST000692,53,Female,101379,25,16,12,2026-01-04
CUST000693,27,Male,25101,39,16,14,2025-12-19
CUST000694,47,Female,69317,63,28,17,2025-12-31
CUST000695,47,Female,36209,22,12,8,2025-11-27
CUST000696,36,Male,115808,25,16,10,2025-12-01
CUST000697,43,Female,132754,66,30,17,2026-01-04
CUST000698,24,Male,33412,25,13,11,2025-11-07
CUST000699,51,Female,37243,12,18,16,2026-01-03
CUST000700,37,Female,75342,37,19,16,2025-11-22
CUST000701,33,Female,40393,52,24,12,2025-12-21
CUST000702,52,Male,47920,42,21,13,2025-12-28
CUST000703,31,Male,49647,19,12,11,2026-01-03
CUST000704,23,Male,20000,1,7,11,2026-01-03
CUST000705,21,Male,48682,28,18,15,2025-12-07
CUST000706,47,Male,34722,23,16,11,2025-12-16
CUST000707,24,Female,38308,35,16,7,2026-01-05
CUST000708,61,Male,100893,49,24,11,2026-01-05
CUST000709,18,Male,26153,30,15,11,2026-01-06
CUST000710,60,Female,73614,73,36,20,2025-11-29
CUST000711,42,Male,42638,42,18,8,2025-12-02
CUST000712,38,Female,42621,29,17,11,2026-01-07
CUST000713,33,Male,72779,41,20,14,2025-12-15
CUST000714,44,Female,58106,32,20,9,2026-01-06
CUST000715,39,Male,65205,58,28,19,2025-10-30
CUST000716,53,Male,79546,38,16,10,2025-10-29
CUST000717,41,Female,41537,30,14,14,2025-12-04
CUST000718,41,Male,36093,28,14,8,2025-10-22
CUST000719,35,Female,28493,16,12,6,2025-11-19
CUST000720,39,Male,32444,5,10,7,2025-11-17
CUST000721,43,Male,150000,84,37,19,2025-12-14
CUST000722,19,Female,91339,52,23,13,2025-12-29
CUST000723,23,Male,24945,29,17,11,2026-01-01
CUST000724,48,Female,25305,14,11,10,2025-12-28
CUST000725,42,Female,62375,57,30,16,2025-12-10
CUST000726,37,Female,64449,27,16,11,2026-01-03
CUST000727,40,Female,64501,66,32,12,2025-12-31
CUST000728,44,Male,43153,4,6,8,2025-12-21
CUST000729,33,Male,46040,38,19,12,2026-01-01
CUST000730,30,Male,57753,44,22,18,2025-12-13
CUST000731,42,Female,51171,22,13,7,2025-10-24
CUST000732,28,Female,20000,26,16,5,2025-11-28
CUST000733,44,Male,43699,50,31,19,2025-12-07
CUST000734,19,Female,32025,1,8,9,2025-12-13
CUST000735,52,Male,53509,43,24,11,2025-12-19
CUST000736,45,Female,150000,42,23,9,2026-01-02
CUST000737,43,Male,58908,23,13,14,2025-11-02
CUST000738,51,Female,41908,54,29,20,2025-12-31
CUST000739,59,Female,77722,37,20,5,2026-01-06
CUST000740,52,Male,62401,21,10,7,2025-11-28
CUST000741,18,Male,60478,35,18,17,2026-01-03
CUST000742,24,Male,66398,72,28,14,2025-12-26
CUST000743,32,Male,137073,46,24,13,2026-01-08
CUST000744,40,Male,27849,7,2,4,2026-01-04
CUST000745,46,Female,62119,61,31,14,2026-01-03
CUST000746,31,Female,30847,52,29,11,2026-01-07
CUST000747,42,Female,64715,39,22,16,2025-12-07
CUST000748,30,Male,30966,6,4,1,2025-11-15
CUST000749,32,Female,39787,60,28,16,2025-12-25
CUST000750,23,Female,42296,54,29,19,2025-11-07
CUST000751,28,Male,79850,57,27,11,2026-01-01
CUST000752,23,Female,77592,34,18,9,2025-12-28
CUST000753,28,Female,26295,22,14,14,2026-01-04
CUST000754,52,Male,50385,31,14,12,2025-12-10
CUST000755,28,Male,34379,31,16,9,2025-12-23
CUST000756,70,Female,26127,44,24,18,2025-12-11
CUST000757,45,Male,43980,44,20,16,2025-11-26
CUST000758,42,Female,42014,13,11,10,2025-12-16
CUST000759,29,Female,150000,100,42,19,2025-12-10
CUST000760,48,Female,60869,43,25,13,2025-10-18
CUST000761,33,Male,24616,32,22,14,2025-12-29
CUST000762,41,Male,36960,49,24,14,2025-12-26
CUST000763,70,Female,81690,31,16,14,2025-12-02
CUST000764,38,Female,139277,74,33,13,2025-12-11
CUST000765,53,Male,22181,13,13,5,2026-01-03
CUST000766,31,Female,20000,1,9,9,2025-12-25
CUST000767,39,Female,124926,73,36,17,2025-12-21
CUST000768,61,Male,59564,75,37,17,2025-12-23
CUST000769,32,Male,31756,1,3,1,2026-01-03
CUST000770,61,Female,64043,39,23,14,2025-10-23
CUST000771,48,Male,20000,29,18,12,2025-11-26
CUST000772,33,Male,49103,35,16,13,2025-12-20
CUST000773,47,Male,57751,35,19,12,2025-12-05
CUST000774,51,Male,77818,27,17,11,2025-11-01
CUST000775,47,Female,29526,27,16,14,2026-01-04
CUST000776,21,Female,51166,23,10,5,2025-12-31
CUST000777,31,Male,30862,1,3,7,2025-12-16
CUST000778,37,Female,55697,54,25,9,2025-11-21
CUST000779,39,Female,31329,39,19,10,2026-01-07
CUST000780,47,Female,39972,29,14,6,2025-09-06
CUST000781,42,Male,29794,27,17,14,2025-12-21
CUST000782,23,Male,67884,58,32,17,2025-12-26
CUST000783,44,Female,75299,48,23,14,2025-12-29
CUST000784,47,Female,43594,44,20,9,2026-01-03
CUST000785,46,Male,49967,29,15,10,2025-11-22
CUST000786,52,Male,23758,41,20,10,2025-10-07
CUST000787,50,Male,42199,35,20,14,2025-12-23
CUST000788,45,Female,47805,35,17,8,2025-10-09
CUST000789,39,Female,150000,60,34,22,2025-11-17
CUST000790,20,Female,28113,28,16,6,2025-12-20
CUST000791,45,Male,101934,45,23,11,2025-12-06
CUST000792,42,Female,80694,38,18,17,2025-12-22
CUST000793,43,Female,56405,24,11,8,2025-12-15
CUST000794,24,Male,118102,49,26,11,2026-01-07
CUST000795,27,Female,59044,69,32,18,2025-12-04
CUST000796,52,Female,59550,58,27,14,2026-01-07
CUST000797,39,Male,47735,61,30,14,2025-11-19
CUST000798,48,Female,90380,34,18,8,2025-11-17
CUST000799,40,Male,84815,50,24,22,2025-12-31
CUST000800,40,Female,35852,7,9,7,2025-12-28
CUST000801,51,Female,25346,12,8,2,2025-12-20
CUST000802,33,Female,44289,17,8,12,2025-12-12
CUST000803,41,Female,32858,44,20,14,2025-12-29
CUST000804,34,Male,47488,26,18,9,2025-12-13
CUST000805,34,Female,91009,68,32,15,2025-12-29
CUST000806,36,Female,39001,37,20,15,2026-01-07
CUST000807,42,Male,47982,67,28,15,2026-01-08
CUST000808,34,Female,50463,11,7,2,2026-01-05
CUST000809,55,Female,74922,64,28,21,2025-11-22
CUST000810,29,Male,20000,37,21,12,2025-10-03
CUST000811,37,Female,36194,12,9,13,2025-12-23
CUST000812,34,Female,54482,51,22,17,2025-12-18
CUST000813,57,Male,89325,57,24,11,2026-01-04
CUST000814,42,Female,38332,25,17,14,2025-12-15
CUST000815,52,Male,20000,7,10,7,2026-01-04
CUST000816,22,Male,66826,30,16,5,2025-12-11
CUST000817,43,Male,35679,57,26,14,2025-10-19
CUST000818,50,Female,27042,23,13,11,2026-01-02
CUST000819,40,Female,35876,39,18,10,2025-11-26
CUST000820,52,Male,44700,19,11,8,2026-01-08
CUST000821,33,Male,36229,15,12,13,2025-12-25
CUST000822,56,Female,20000,36,19,12,2026-01-05
CUST000823,67,Male,76767,25,15,8,2025-12-26
CUST000824,35,Female,92729,47,21,15,2026-01-03
CUST000825,34,Female,67897,42,22,14,2025-12-25
CUST000826,57,Female,27754,25,14,3,2025-12-23
CUST000827,58,Female,44322,28,13,11,2025-12-29
CUST000828,33,Male,48861,39,20,14,2025-12-07
CUST000829,34,Female,66131,51,27,15,2025-10-25
CUST000830,36,Female,68471,53,29,19,2025-12-24
CUST000831,23,Female,33959,11,4,4,2026-01-02
CUST000832,28,Male,51072,30,17,12,2025-12-30
CUST000833,27,Female,61613,57,26,10,2025-11-12
CUST000834,30,Male,101509,71,34,19,2025-12-14
CUST000835,39,Male,69720,22,12,15,2025-12-21
CUST000836,42,Male,72731,49,26,12,2026-01-04
CUST000837,58,Female,51119,4,3,3,2025-12-22
CUST000838,28,Female,99233,57,25,12,2025-12-30
CUST000839,51,Female,60167,67,29,16,2025-10-14
CUST000840,37,Female,31871,11,9,5,2025-11-05
CUST000841,39,Male,98882,43,23,15,2026-01-06
CUST000842,48,Female,69490,54,30,19,2025-12-18
CUST000843,26,Male,39280,5,8,9,2026-01-01
CUST000844,44,Female,38570,19,14,5,2025-12-24
CUST000845,41,Female,56856,45,20,15,2025-11-07
CUST000846,45,Female,61795,29,13,13,2025-12-17
CUST000847,43,Female,54103,32,20,15,2025-12-27
CUST000848,69,Male,57276,48,27,16,2026-01-02
CUST000849,32,Male,114688,70,36,20,2025-11-21
CUST000850,33,Female,83765,53,28,19,2025-12-10
CUST000851,32,Male,53923,30,18,17,2025-12-21
CUST000852,33,Male,78484,52,22,10,2026-01-01
CUST000853,32,Female,29253,22,15,14,2025-12-27
CUST000854,54,Female,59812,45,24,14,2025-10-04
CUST000855,57,Male,121134,59,28,15,2025-12-17
CUST000856,33,Male,43957,28,17,7,2025-12-24
CUST000857,30,Female,32086,10,8,7,2025-12-17
CUST000858,45,Female,35381,26,14,7,2025-11-24
CUST000859,33,Male,28429,11,8,6,2025-12-27
CUST000860,47,Male,33110,9,8,4,2026-01-03
CUST000861,42,Male,40731,33,17,10,2025-12-13
CUST000862,21,Male,24275,25,17,10,2025-12-07
CUST000863,58,Male,49405,45,20,13,2025-12-02
CUST000864,61,Female,76967,39,19,7,2025-11-05
CUST000865,32,Female,31136,31,13,5,2025-12-26
CUST000866,35,Female,104782,67,32,18,2026-01-06
CUST000867,43,Male,63284,46,19,10,2025-10-05
CUST000868,44,Female,82066,36,20,16,2025-12-22
CUST000869,47,Male,35280,29,17,12,2025-12-10
CUST000870,64,Female,75151,50,20,14,2025-12-07
CUST000871,37,Female,28396,23,15,15,2025-12-16
CUST000872,30,Male,76505,14,6,6,2026-01-02
CUST000873,23,Female,53418,37,18,10,2025-11-27
CUST000874,31,Male,64642,73,35,21,2025-11-21
CUST000875,39,Female,27233,17,13,11,2025-12-15
CUST000876,61,Male,31334,14,11,8,2025-12-19
CUST000877,33,Male,66079,46,21,17,2026-01-05
CUST000878,42,Female,30510,29,18,11,2026-01-06
CUST000879,39,Male,61796,57,28,16,2025-12-27
CUST000880,54,Female,24746,3,6,7,2025-12-28
CUST000881,70,Male,74913,56,29,13,2025-10-08
CUST000882,33,Female,26469,31,16,11,2025-11-24
CUST000883,34,Female,64611,38,22,17,2025-12-07
CUST000884,52,Female,67024,46,19,13,2025-12-18
CUST000885,48,Male,34600,42,18,12,2026-01-03
CUST000886,62,Male,65579,54,23,13,2025-09-15
CUST000887,47,Male,55838,19,13,11,2025-12-25
CUST000888,35,Male,37443,40,24,16,2026-01-05
CUST000889,47,Female,29605,23,15,12,2025-12-19
CUST000890,53,Female,20000,21,8,7,2025-11-07
CUST000891,49,Female,58385,38,25,15,2025-11-04
CUST000892,46,Female,22417,18,9,10,2026-01-08
CUST000893,52,Female,51414,52,25,11,2025-11-04
CUST000894,54,Female,42970,29,19,13,2025-12-30
CUST000895,56,Male,68842,25,15,4,2026-01-07
CUST000896,47,Female,42149,24,13,11,2025-11-13
CUST000897,37,Female,41575,32,15,12,2025-11-10
CUST000898,41,Female,70681,61,31,19,2025-12-12
CUST000899,54,Male,57961,46,25,13,2025-12-14
CUST000900,30,Male,57415,24,12,10,2025-11-19
CUST000901,44,Male,61984,76,33,22,2025-11-23
CUST000902,35,Female,22747,25,12,14,2025-11-03
CUST000903,40,Female,71567,62,26,15,2025-12-15
CUST000904,55,Male,66584,39,22,14,2025-09-28
CUST000905,42,Female,29485,32,16,14,2025-07-26
CUST000906,40,Male,43388,43,18,7,2026-01-05
CUST000907,23,Male,48066,51,23,13,2025-11-13
CUST000908,48,Male,45832,47,28,20,2025-12-19
CUST000909,47,Female,57926,50,23,17,2025-12-25
CUST000910,65,Female,100276,52,26,16,2025-12-11
CUST000911,36,Male,84194,41,20,8,2026-01-07
CUST000912,42,Female,25435,27,15,10,2025-12-18
CUST000913,42,Male,66905,55,25,13,2025-11-08
CUST000914,58,Female,95269,51,27,16,2026-01-01
CUST000915,38,Female,59480,54,26,12,2025-12-23
CUST000916,43,Female,84583,71,30,13,2025-10-16
CUST000917,47,Male,134072,58,29,10,2025-12-23
CUST000918,42,Female,81785,35,17,15,2025-12-26
CUST000919,34,Female,55528,34,15,9,2025-12-22
CUST000920,42,Male,82664,53,28,16,2025-12-18
CUST000921,52,Female,52703,27,16,11,2025-12-10
CUST000922,27,Male,49610,53,24,11,2025-11-21
CUST000923,41,Female,41121,36,19,8,2025-12-21
CUST000924,31,Male,107120,60,31,14,2025-11-18
CUST000925,54,Female,32558,4,5,4,2025-12-17
CUST000926,21,Female,105470,39,19,13,2025-12-27
CUST000927,33,Male,62939,44,20,10,2025-12-07
CUST000928,44,Male,24351,1,6,12,2025-12-02
CUST000929,58,Male,58913,53,25,18,2025-12-15
CUST000930,39,Male,20000,17,11,11,2026-01-07
CUST000931,33,Male,67020,90,43,21,2026-01-03
CUST000932,62,Female,76314,80,36,23,2025-12-29
CUST000933,22,Male,36454,24,12,9,2025-12-30
CUST000934,18,Male,52144,33,14,10,2025-12-06
CUST000935,45,Female,130232,85,39,21,2026-01-08
CUST000936,33,Male,38067,53,29,18,2025-11-27
CUST000937,27,Female,28869,1,5,8,2025-12-30
CUST000938,48,Female,102829,31,17,10,2025-12-28
CUST000939,42,Female,130782,61,27,14,2025-12-17
CUST000940,33,Female,49111,42,19,14,2026-01-01
CUST000941,24,Female,81286,55,28,18,2025-11-05
CUST000942,50,Male,95869,71,33,17,2026-01-06
CUST000943,47,Male,33818,8,10,4,2025-12-22
CUST000944,38,Male,38458,1,6,6,2025-11-13
CUST000945,62,Female,90711,65,34,20,2025-12-11
CUST000946,27,Male,113835,50,28,21,2025-12-29
CUST000947,21,Female,64954,10,12,6,2025-12-23
CUST000948,31,Female,31574,27,19,11,2025-12-03
CUST000949,39,Female,132393,83,38,19,2025-09-22
CUST000950,42,Female,37590,26,13,14,2025-11-02
CUST000951,37,Male,41457,23,13,10,2025-12-27
CUST000952,44,Female,58172,35,19,9,2025-07-12
CUST000953,24,Female,106625,54,27,17,2026-01-08
CUST000954,57,Male,75130,25,17,10,2026-01-08
CUST000955,39,Male,60320,27,14,6,2025-11-17
CUST000956,53,Female,61799,47,24,11,2026-01-02
CUST000957,44,Female,50099,38,28,21,2026-01-07
CUST000958,45,Female,64800,43,20,14,2025-12-31
CUST000959,46,Female,20000,5,9,8,2025-12-23
CUST000960,45,Female,42264,27,17,11,2025-11-30
CUST000961,47,Female,55307,3,3,7,2025-12-10
CUST000962,55,Male,27570,26,15,11,2025-12-31
CUST000963,42,Male,59466,59,25,15,2025-12-19
CUST000964,48,Male,44256,9,7,8,2025-10-22
CUST000965,38,Female,117917,56,25,17,2025-11-19
CUST000966,57,Female,107635,65,29,16,2025-12-28
CUST000967,31,Female,38835,47,19,9,2025-09-10
CUST000968,61,Male,45459,25,17,9,2025-12-03
CUST000969,39,Female,47241,22,12,3,2026-01-07
CUST000970,22,Female,39111,1,9,14,2026-01-07
CUST000971,41,Female,54041,37,18,14,2026-01-03
CUST000972,31,Female,33552,56,28,13,2025-11-30
CUST000973,50,Male,27852,27,13,9,2026-01-02
CUST000974,32,Female,66926,41,24,12,2025-12-18
CUST000975,34,Male,67155,46,24,19,2026-01-06
CUST000976,18,Male,32788,25,15,6,2025-10-24
CUST000977,34,Female,76701,33,16,11,2025-12-27
CUST000978,18,Female,35746,39,26,15,2025-10-29
CUST000979,20,Female,55635,39,22,16,2025-10-14
CUST000980,49,Female,73878,45,24,14,2026-01-08
CUST000981,49,Female,48203,18,13,4,2025-12-21
CUST000982,45,Female,61535,58,29,15,2026-01-08
CUST000983,28,Female,37865,38,21,10,2025-10-29
CUST000984,39,Male,44434,22,13,10,2025-12-18
CUST000985,39,Male,44226,46,26,19,2026-01-06
CUST000986,26,Male,33749,18,13,4,2026-01-05
CUST000987,58,Male,44873,19,15,8,2025-12-25
CUST000988,50,Male,22599,9,16,9,2025-10-16
CUST000989,37,Male,38346,1,4,5,2025-12-04
CUST000990,40,Male,42512,37,15,13,2025-11-09
CUST000991,42,Female,43127,3,5,6,2025-12-26
CUST000992,18,Male,43445,12,6,8,2026-01-07
CUST000993,37,Female,47530,1,7,5,2025-09-21
CUST000994,31,Male,62300,38,19,13,2026-01-08
CUST000995,27,Female,75906,43,22,16,2025-10-12
CUST000996,36,Male,35423,22,16,9,2025-12-26
CUST000997,61,Male,26860,7,8,10,2026-01-08
CUST000998,47,Female,29114,6,7,7,2025-12-04
CUST000999,33,Male,38422,35,16,14,2025-09-12
CUST001000,46,Male,41111,21,14,9,2025-09-29
